,fold
SN5_roads_train_AOI_8_Mumbai_PS-MS_chip332.tif,0
SN5_roads_train_AOI_8_Mumbai_PS-MS_chip874.tif,1
SN5_roads_train_AOI_8_Mumbai_PS-MS_chip353.tif,2
SN5_roads_train_AOI_8_Mumbai_PS-MS_chip634.tif,3
SN5_roads_train_AOI_8_Mumbai_PS-MS_chip694.tif,4
SN5_roads_train_AOI_8_Mumbai_PS-MS_chip716.tif,0
SN5_roads_train_AOI_8_Mumbai_PS-MS_chip266.tif,1
SN5_roads_train_AOI_8_Mumbai_PS-MS_chip855.tif,2
SN5_roads_train_AOI_8_Mumbai_PS-MS_chip963.tif,3
SN5_roads_train_AOI_8_Mumbai_PS-MS_chip34.tif,4
SN5_roads_train_AOI_8_Mumbai_PS-MS_chip108.tif,0
SN5_roads_train_AOI_8_Mumbai_PS-MS_chip838.tif,1
SN5_roads_train_AOI_8_Mumbai_PS-MS_chip478.tif,2
SN5_roads_train_AOI_8_Mumbai_PS-MS_chip319.tif,3
SN5_roads_train_AOI_8_Mumbai_PS-MS_chip473.tif,4
SN5_roads_train_AOI_8_Mumbai_PS-MS_chip587.tif,0
SN5_roads_train_AOI_8_Mumbai_PS-MS_chip326.tif,1
SN5_roads_train_AOI_8_Mumbai_PS-MS_chip916.tif,2
SN5_roads_train_AOI_8_Mumbai_PS-MS_chip998.tif,3
SN5_roads_train_AOI_8_Mumbai_PS-MS_chip561.tif,4
SN5_roads_train_AOI_8_Mumbai_PS-MS_chip443.tif,0
SN5_roads_train_AOI_8_Mumbai_PS-MS_chip813.tif,1
SN5_roads_train_AOI_8_Mumbai_PS-MS_chip201.tif,2
SN5_roads_train_AOI_8_Mumbai_PS-MS_chip612.tif,3
SN5_roads_train_AOI_8_Mumbai_PS-MS_chip512.tif,4
SN5_roads_train_AOI_8_Mumbai_PS-MS_chip129.tif,0
SN5_roads_train_AOI_8_Mumbai_PS-MS_chip440.tif,1
SN5_roads_train_AOI_8_Mumbai_PS-MS_chip359.tif,2
SN5_roads_train_AOI_8_Mumbai_PS-MS_chip68.tif,3
SN5_roads_train_AOI_8_Mumbai_PS-MS_chip797.tif,4
SN5_roads_train_AOI_8_Mumbai_PS-MS_chip896.tif,0
SN5_roads_train_AOI_8_Mumbai_PS-MS_chip396.tif,1
SN5_roads_train_AOI_8_Mumbai_PS-MS_chip73.tif,2
SN5_roads_train_AOI_8_Mumbai_PS-MS_chip746.tif,3
SN5_roads_train_AOI_8_Mumbai_PS-MS_chip844.tif,4
SN5_roads_train_AOI_8_Mumbai_PS-MS_chip674.tif,0
SN5_roads_train_AOI_8_Mumbai_PS-MS_chip367.tif,1
SN5_roads_train_AOI_8_Mumbai_PS-MS_chip411.tif,2
SN5_roads_train_AOI_8_Mumbai_PS-MS_chip197.tif,3
SN5_roads_train_AOI_8_Mumbai_PS-MS_chip604.tif,4
SN5_roads_train_AOI_8_Mumbai_PS-MS_chip452.tif,0
SN5_roads_train_AOI_8_Mumbai_PS-MS_chip738.tif,1
SN5_roads_train_AOI_8_Mumbai_PS-MS_chip144.tif,2
SN5_roads_train_AOI_8_Mumbai_PS-MS_chip146.tif,3
SN5_roads_train_AOI_8_Mumbai_PS-MS_chip644.tif,4
SN5_roads_train_AOI_8_Mumbai_PS-MS_chip518.tif,0
SN5_roads_train_AOI_8_Mumbai_PS-MS_chip523.tif,1
SN5_roads_train_AOI_8_Mumbai_PS-MS_chip929.tif,2
SN5_roads_train_AOI_8_Mumbai_PS-MS_chip137.tif,3
SN5_roads_train_AOI_8_Mumbai_PS-MS_chip741.tif,4
SN5_roads_train_AOI_8_Mumbai_PS-MS_chip984.tif,0
SN5_roads_train_AOI_8_Mumbai_PS-MS_chip696.tif,1
SN5_roads_train_AOI_8_Mumbai_PS-MS_chip485.tif,2
SN5_roads_train_AOI_8_Mumbai_PS-MS_chip139.tif,3
SN5_roads_train_AOI_8_Mumbai_PS-MS_chip119.tif,4
SN5_roads_train_AOI_8_Mumbai_PS-MS_chip847.tif,0
SN5_roads_train_AOI_8_Mumbai_PS-MS_chip791.tif,1
SN5_roads_train_AOI_8_Mumbai_PS-MS_chip16.tif,2
SN5_roads_train_AOI_8_Mumbai_PS-MS_chip20.tif,3
SN5_roads_train_AOI_8_Mumbai_PS-MS_chip596.tif,4
SN5_roads_train_AOI_8_Mumbai_PS-MS_chip158.tif,0
SN5_roads_train_AOI_8_Mumbai_PS-MS_chip923.tif,1
SN5_roads_train_AOI_8_Mumbai_PS-MS_chip164.tif,2
SN5_roads_train_AOI_8_Mumbai_PS-MS_chip484.tif,3
SN5_roads_train_AOI_8_Mumbai_PS-MS_chip803.tif,4
SN5_roads_train_AOI_8_Mumbai_PS-MS_chip765.tif,0
SN5_roads_train_AOI_8_Mumbai_PS-MS_chip338.tif,1
SN5_roads_train_AOI_8_Mumbai_PS-MS_chip730.tif,2
SN5_roads_train_AOI_8_Mumbai_PS-MS_chip886.tif,3
SN5_roads_train_AOI_8_Mumbai_PS-MS_chip873.tif,4
SN5_roads_train_AOI_8_Mumbai_PS-MS_chip827.tif,0
SN5_roads_train_AOI_8_Mumbai_PS-MS_chip713.tif,1
SN5_roads_train_AOI_8_Mumbai_PS-MS_chip499.tif,2
SN5_roads_train_AOI_8_Mumbai_PS-MS_chip55.tif,3
SN5_roads_train_AOI_8_Mumbai_PS-MS_chip702.tif,4
SN5_roads_train_AOI_8_Mumbai_PS-MS_chip194.tif,0
SN5_roads_train_AOI_8_Mumbai_PS-MS_chip417.tif,1
SN5_roads_train_AOI_8_Mumbai_PS-MS_chip747.tif,2
SN5_roads_train_AOI_8_Mumbai_PS-MS_chip165.tif,3
SN5_roads_train_AOI_8_Mumbai_PS-MS_chip348.tif,4
SN5_roads_train_AOI_8_Mumbai_PS-MS_chip423.tif,0
SN5_roads_train_AOI_8_Mumbai_PS-MS_chip374.tif,1
SN5_roads_train_AOI_8_Mumbai_PS-MS_chip800.tif,2
SN5_roads_train_AOI_8_Mumbai_PS-MS_chip294.tif,3
SN5_roads_train_AOI_8_Mumbai_PS-MS_chip350.tif,4
SN5_roads_train_AOI_8_Mumbai_PS-MS_chip574.tif,0
SN5_roads_train_AOI_8_Mumbai_PS-MS_chip795.tif,1
SN5_roads_train_AOI_8_Mumbai_PS-MS_chip590.tif,2
SN5_roads_train_AOI_8_Mumbai_PS-MS_chip678.tif,3
SN5_roads_train_AOI_8_Mumbai_PS-MS_chip601.tif,4
SN5_roads_train_AOI_8_Mumbai_PS-MS_chip400.tif,0
SN5_roads_train_AOI_8_Mumbai_PS-MS_chip526.tif,1
SN5_roads_train_AOI_8_Mumbai_PS-MS_chip10.tif,2
SN5_roads_train_AOI_8_Mumbai_PS-MS_chip805.tif,3
SN5_roads_train_AOI_8_Mumbai_PS-MS_chip183.tif,4
SN5_roads_train_AOI_8_Mumbai_PS-MS_chip80.tif,0
SN5_roads_train_AOI_8_Mumbai_PS-MS_chip773.tif,1
SN5_roads_train_AOI_8_Mumbai_PS-MS_chip534.tif,2
SN5_roads_train_AOI_8_Mumbai_PS-MS_chip169.tif,3
SN5_roads_train_AOI_8_Mumbai_PS-MS_chip806.tif,4
SN5_roads_train_AOI_8_Mumbai_PS-MS_chip553.tif,0
SN5_roads_train_AOI_8_Mumbai_PS-MS_chip264.tif,1
SN5_roads_train_AOI_8_Mumbai_PS-MS_chip555.tif,2
SN5_roads_train_AOI_8_Mumbai_PS-MS_chip723.tif,3
SN5_roads_train_AOI_8_Mumbai_PS-MS_chip760.tif,4
SN5_roads_train_AOI_8_Mumbai_PS-MS_chip314.tif,0
SN5_roads_train_AOI_8_Mumbai_PS-MS_chip447.tif,1
SN5_roads_train_AOI_8_Mumbai_PS-MS_chip733.tif,2
SN5_roads_train_AOI_8_Mumbai_PS-MS_chip859.tif,3
SN5_roads_train_AOI_8_Mumbai_PS-MS_chip783.tif,4
SN5_roads_train_AOI_8_Mumbai_PS-MS_chip613.tif,0
SN5_roads_train_AOI_8_Mumbai_PS-MS_chip956.tif,1
SN5_roads_train_AOI_8_Mumbai_PS-MS_chip939.tif,2
SN5_roads_train_AOI_8_Mumbai_PS-MS_chip189.tif,3
SN5_roads_train_AOI_8_Mumbai_PS-MS_chip497.tif,4
SN5_roads_train_AOI_8_Mumbai_PS-MS_chip616.tif,0
SN5_roads_train_AOI_8_Mumbai_PS-MS_chip560.tif,1
SN5_roads_train_AOI_8_Mumbai_PS-MS_chip858.tif,2
SN5_roads_train_AOI_8_Mumbai_PS-MS_chip767.tif,3
SN5_roads_train_AOI_8_Mumbai_PS-MS_chip924.tif,4
SN5_roads_train_AOI_8_Mumbai_PS-MS_chip347.tif,0
SN5_roads_train_AOI_8_Mumbai_PS-MS_chip431.tif,1
SN5_roads_train_AOI_8_Mumbai_PS-MS_chip804.tif,2
SN5_roads_train_AOI_8_Mumbai_PS-MS_chip454.tif,3
SN5_roads_train_AOI_8_Mumbai_PS-MS_chip92.tif,4
SN5_roads_train_AOI_8_Mumbai_PS-MS_chip875.tif,0
SN5_roads_train_AOI_8_Mumbai_PS-MS_chip298.tif,1
SN5_roads_train_AOI_8_Mumbai_PS-MS_chip901.tif,2
SN5_roads_train_AOI_8_Mumbai_PS-MS_chip568.tif,3
SN5_roads_train_AOI_8_Mumbai_PS-MS_chip413.tif,4
SN5_roads_train_AOI_8_Mumbai_PS-MS_chip355.tif,0
SN5_roads_train_AOI_8_Mumbai_PS-MS_chip811.tif,1
SN5_roads_train_AOI_8_Mumbai_PS-MS_chip94.tif,2
SN5_roads_train_AOI_8_Mumbai_PS-MS_chip455.tif,3
SN5_roads_train_AOI_8_Mumbai_PS-MS_chip661.tif,4
SN5_roads_train_AOI_8_Mumbai_PS-MS_chip330.tif,0
SN5_roads_train_AOI_8_Mumbai_PS-MS_chip235.tif,1
SN5_roads_train_AOI_8_Mumbai_PS-MS_chip9.tif,2
SN5_roads_train_AOI_8_Mumbai_PS-MS_chip19.tif,3
SN5_roads_train_AOI_8_Mumbai_PS-MS_chip1006.tif,4
SN5_roads_train_AOI_8_Mumbai_PS-MS_chip707.tif,0
SN5_roads_train_AOI_8_Mumbai_PS-MS_chip505.tif,1
SN5_roads_train_AOI_8_Mumbai_PS-MS_chip839.tif,2
SN5_roads_train_AOI_8_Mumbai_PS-MS_chip988.tif,3
SN5_roads_train_AOI_8_Mumbai_PS-MS_chip857.tif,4
SN5_roads_train_AOI_8_Mumbai_PS-MS_chip132.tif,0
SN5_roads_train_AOI_8_Mumbai_PS-MS_chip239.tif,1
SN5_roads_train_AOI_8_Mumbai_PS-MS_chip276.tif,2
SN5_roads_train_AOI_8_Mumbai_PS-MS_chip775.tif,3
SN5_roads_train_AOI_8_Mumbai_PS-MS_chip386.tif,4
SN5_roads_train_AOI_8_Mumbai_PS-MS_chip1004.tif,0
SN5_roads_train_AOI_8_Mumbai_PS-MS_chip725.tif,1
SN5_roads_train_AOI_8_Mumbai_PS-MS_chip1011.tif,2
SN5_roads_train_AOI_8_Mumbai_PS-MS_chip854.tif,3
SN5_roads_train_AOI_8_Mumbai_PS-MS_chip631.tif,4
SN5_roads_train_AOI_8_Mumbai_PS-MS_chip500.tif,0
SN5_roads_train_AOI_8_Mumbai_PS-MS_chip284.tif,1
SN5_roads_train_AOI_8_Mumbai_PS-MS_chip785.tif,2
SN5_roads_train_AOI_8_Mumbai_PS-MS_chip540.tif,3
SN5_roads_train_AOI_8_Mumbai_PS-MS_chip433.tif,4
SN5_roads_train_AOI_8_Mumbai_PS-MS_chip286.tif,0
SN5_roads_train_AOI_8_Mumbai_PS-MS_chip559.tif,1
SN5_roads_train_AOI_8_Mumbai_PS-MS_chip943.tif,2
SN5_roads_train_AOI_8_Mumbai_PS-MS_chip214.tif,3
SN5_roads_train_AOI_8_Mumbai_PS-MS_chip796.tif,4
SN5_roads_train_AOI_8_Mumbai_PS-MS_chip531.tif,0
SN5_roads_train_AOI_8_Mumbai_PS-MS_chip134.tif,1
SN5_roads_train_AOI_8_Mumbai_PS-MS_chip912.tif,2
SN5_roads_train_AOI_8_Mumbai_PS-MS_chip537.tif,3
SN5_roads_train_AOI_8_Mumbai_PS-MS_chip324.tif,4
SN5_roads_train_AOI_8_Mumbai_PS-MS_chip720.tif,0
SN5_roads_train_AOI_8_Mumbai_PS-MS_chip234.tif,1
SN5_roads_train_AOI_8_Mumbai_PS-MS_chip548.tif,2
SN5_roads_train_AOI_8_Mumbai_PS-MS_chip424.tif,3
SN5_roads_train_AOI_8_Mumbai_PS-MS_chip770.tif,4
SN5_roads_train_AOI_8_Mumbai_PS-MS_chip846.tif,0
SN5_roads_train_AOI_8_Mumbai_PS-MS_chip221.tif,1
SN5_roads_train_AOI_8_Mumbai_PS-MS_chip496.tif,2
SN5_roads_train_AOI_8_Mumbai_PS-MS_chip880.tif,3
SN5_roads_train_AOI_8_Mumbai_PS-MS_chip145.tif,4
SN5_roads_train_AOI_8_Mumbai_PS-MS_chip72.tif,0
SN5_roads_train_AOI_8_Mumbai_PS-MS_chip418.tif,1
SN5_roads_train_AOI_8_Mumbai_PS-MS_chip704.tif,2
SN5_roads_train_AOI_8_Mumbai_PS-MS_chip267.tif,3
SN5_roads_train_AOI_8_Mumbai_PS-MS_chip522.tif,4
SN5_roads_train_AOI_8_Mumbai_PS-MS_chip366.tif,0
SN5_roads_train_AOI_8_Mumbai_PS-MS_chip282.tif,1
SN5_roads_train_AOI_8_Mumbai_PS-MS_chip589.tif,2
SN5_roads_train_AOI_8_Mumbai_PS-MS_chip93.tif,3
SN5_roads_train_AOI_8_Mumbai_PS-MS_chip300.tif,4
SN5_roads_train_AOI_8_Mumbai_PS-MS_chip364.tif,0
SN5_roads_train_AOI_8_Mumbai_PS-MS_chip1012.tif,1
SN5_roads_train_AOI_8_Mumbai_PS-MS_chip283.tif,2
SN5_roads_train_AOI_8_Mumbai_PS-MS_chip964.tif,3
SN5_roads_train_AOI_8_Mumbai_PS-MS_chip904.tif,4
SN5_roads_train_AOI_8_Mumbai_PS-MS_chip43.tif,0
SN5_roads_train_AOI_8_Mumbai_PS-MS_chip223.tif,1
SN5_roads_train_AOI_8_Mumbai_PS-MS_chip252.tif,2
SN5_roads_train_AOI_8_Mumbai_PS-MS_chip645.tif,3
SN5_roads_train_AOI_8_Mumbai_PS-MS_chip143.tif,4
SN5_roads_train_AOI_8_Mumbai_PS-MS_chip830.tif,0
SN5_roads_train_AOI_8_Mumbai_PS-MS_chip124.tif,1
SN5_roads_train_AOI_8_Mumbai_PS-MS_chip168.tif,2
SN5_roads_train_AOI_8_Mumbai_PS-MS_chip985.tif,3
SN5_roads_train_AOI_8_Mumbai_PS-MS_chip118.tif,4
SN5_roads_train_AOI_8_Mumbai_PS-MS_chip949.tif,0
SN5_roads_train_AOI_8_Mumbai_PS-MS_chip259.tif,1
SN5_roads_train_AOI_8_Mumbai_PS-MS_chip850.tif,2
SN5_roads_train_AOI_8_Mumbai_PS-MS_chip162.tif,3
SN5_roads_train_AOI_8_Mumbai_PS-MS_chip724.tif,4
SN5_roads_train_AOI_8_Mumbai_PS-MS_chip562.tif,0
SN5_roads_train_AOI_8_Mumbai_PS-MS_chip542.tif,1
SN5_roads_train_AOI_8_Mumbai_PS-MS_chip36.tif,2
SN5_roads_train_AOI_8_Mumbai_PS-MS_chip885.tif,3
SN5_roads_train_AOI_8_Mumbai_PS-MS_chip307.tif,4
SN5_roads_train_AOI_8_Mumbai_PS-MS_chip940.tif,0
SN5_roads_train_AOI_8_Mumbai_PS-MS_chip947.tif,1
SN5_roads_train_AOI_8_Mumbai_PS-MS_chip466.tif,2
SN5_roads_train_AOI_8_Mumbai_PS-MS_chip100.tif,3
SN5_roads_train_AOI_8_Mumbai_PS-MS_chip717.tif,4
SN5_roads_train_AOI_8_Mumbai_PS-MS_chip371.tif,0
SN5_roads_train_AOI_8_Mumbai_PS-MS_chip595.tif,1
SN5_roads_train_AOI_8_Mumbai_PS-MS_chip1015.tif,2
SN5_roads_train_AOI_8_Mumbai_PS-MS_chip973.tif,3
SN5_roads_train_AOI_8_Mumbai_PS-MS_chip313.tif,4
SN5_roads_train_AOI_8_Mumbai_PS-MS_chip51.tif,0
SN5_roads_train_AOI_8_Mumbai_PS-MS_chip639.tif,1
SN5_roads_train_AOI_8_Mumbai_PS-MS_chip950.tif,2
SN5_roads_train_AOI_8_Mumbai_PS-MS_chip556.tif,3
SN5_roads_train_AOI_8_Mumbai_PS-MS_chip810.tif,4
SN5_roads_train_AOI_8_Mumbai_PS-MS_chip383.tif,0
SN5_roads_train_AOI_8_Mumbai_PS-MS_chip311.tif,1
SN5_roads_train_AOI_8_Mumbai_PS-MS_chip401.tif,2
SN5_roads_train_AOI_8_Mumbai_PS-MS_chip563.tif,3
SN5_roads_train_AOI_8_Mumbai_PS-MS_chip277.tif,4
SN5_roads_train_AOI_8_Mumbai_PS-MS_chip986.tif,0
SN5_roads_train_AOI_8_Mumbai_PS-MS_chip585.tif,1
SN5_roads_train_AOI_8_Mumbai_PS-MS_chip196.tif,2
SN5_roads_train_AOI_8_Mumbai_PS-MS_chip422.tif,3
SN5_roads_train_AOI_8_Mumbai_PS-MS_chip35.tif,4
SN5_roads_train_AOI_8_Mumbai_PS-MS_chip426.tif,0
SN5_roads_train_AOI_8_Mumbai_PS-MS_chip771.tif,1
SN5_roads_train_AOI_8_Mumbai_PS-MS_chip598.tif,2
SN5_roads_train_AOI_8_Mumbai_PS-MS_chip690.tif,3
SN5_roads_train_AOI_8_Mumbai_PS-MS_chip667.tif,4
SN5_roads_train_AOI_8_Mumbai_PS-MS_chip341.tif,0
SN5_roads_train_AOI_8_Mumbai_PS-MS_chip753.tif,1
SN5_roads_train_AOI_8_Mumbai_PS-MS_chip226.tif,2
SN5_roads_train_AOI_8_Mumbai_PS-MS_chip280.tif,3
SN5_roads_train_AOI_8_Mumbai_PS-MS_chip489.tif,4
SN5_roads_train_AOI_8_Mumbai_PS-MS_chip388.tif,0
SN5_roads_train_AOI_8_Mumbai_PS-MS_chip498.tif,1
SN5_roads_train_AOI_8_Mumbai_PS-MS_chip138.tif,2
SN5_roads_train_AOI_8_Mumbai_PS-MS_chip317.tif,3
SN5_roads_train_AOI_8_Mumbai_PS-MS_chip972.tif,4
SN5_roads_train_AOI_8_Mumbai_PS-MS_chip832.tif,0
SN5_roads_train_AOI_8_Mumbai_PS-MS_chip552.tif,1
SN5_roads_train_AOI_8_Mumbai_PS-MS_chip925.tif,2
SN5_roads_train_AOI_8_Mumbai_PS-MS_chip316.tif,3
SN5_roads_train_AOI_8_Mumbai_PS-MS_chip778.tif,4
SN5_roads_train_AOI_8_Mumbai_PS-MS_chip763.tif,0
SN5_roads_train_AOI_8_Mumbai_PS-MS_chip549.tif,1
SN5_roads_train_AOI_8_Mumbai_PS-MS_chip301.tif,2
SN5_roads_train_AOI_8_Mumbai_PS-MS_chip18.tif,3
SN5_roads_train_AOI_8_Mumbai_PS-MS_chip5.tif,4
SN5_roads_train_AOI_8_Mumbai_PS-MS_chip171.tif,0
SN5_roads_train_AOI_8_Mumbai_PS-MS_chip206.tif,1
SN5_roads_train_AOI_8_Mumbai_PS-MS_chip475.tif,2
SN5_roads_train_AOI_8_Mumbai_PS-MS_chip677.tif,3
SN5_roads_train_AOI_8_Mumbai_PS-MS_chip88.tif,4
SN5_roads_train_AOI_8_Mumbai_PS-MS_chip565.tif,0
SN5_roads_train_AOI_8_Mumbai_PS-MS_chip416.tif,1
SN5_roads_train_AOI_8_Mumbai_PS-MS_chip594.tif,2
SN5_roads_train_AOI_8_Mumbai_PS-MS_chip507.tif,3
SN5_roads_train_AOI_8_Mumbai_PS-MS_chip11.tif,4
SN5_roads_train_AOI_8_Mumbai_PS-MS_chip95.tif,0
SN5_roads_train_AOI_8_Mumbai_PS-MS_chip643.tif,1
SN5_roads_train_AOI_8_Mumbai_PS-MS_chip603.tif,2
SN5_roads_train_AOI_8_Mumbai_PS-MS_chip606.tif,3
SN5_roads_train_AOI_8_Mumbai_PS-MS_chip107.tif,4
SN5_roads_train_AOI_8_Mumbai_PS-MS_chip962.tif,0
SN5_roads_train_AOI_8_Mumbai_PS-MS_chip841.tif,1
SN5_roads_train_AOI_8_Mumbai_PS-MS_chip840.tif,2
SN5_roads_train_AOI_8_Mumbai_PS-MS_chip273.tif,3
SN5_roads_train_AOI_8_Mumbai_PS-MS_chip528.tif,4
SN5_roads_train_AOI_8_Mumbai_PS-MS_chip45.tif,0
SN5_roads_train_AOI_8_Mumbai_PS-MS_chip225.tif,1
SN5_roads_train_AOI_8_Mumbai_PS-MS_chip656.tif,2
SN5_roads_train_AOI_8_Mumbai_PS-MS_chip174.tif,3
SN5_roads_train_AOI_8_Mumbai_PS-MS_chip871.tif,4
SN5_roads_train_AOI_8_Mumbai_PS-MS_chip636.tif,0
SN5_roads_train_AOI_8_Mumbai_PS-MS_chip494.tif,1
SN5_roads_train_AOI_8_Mumbai_PS-MS_chip959.tif,2
SN5_roads_train_AOI_8_Mumbai_PS-MS_chip251.tif,3
SN5_roads_train_AOI_8_Mumbai_PS-MS_chip152.tif,4
SN5_roads_train_AOI_8_Mumbai_PS-MS_chip675.tif,0
SN5_roads_train_AOI_8_Mumbai_PS-MS_chip81.tif,1
SN5_roads_train_AOI_8_Mumbai_PS-MS_chip967.tif,2
SN5_roads_train_AOI_8_Mumbai_PS-MS_chip856.tif,3
SN5_roads_train_AOI_8_Mumbai_PS-MS_chip968.tif,4
SN5_roads_train_AOI_8_Mumbai_PS-MS_chip977.tif,0
SN5_roads_train_AOI_8_Mumbai_PS-MS_chip322.tif,1
SN5_roads_train_AOI_8_Mumbai_PS-MS_chip428.tif,2
SN5_roads_train_AOI_8_Mumbai_PS-MS_chip155.tif,3
SN5_roads_train_AOI_8_Mumbai_PS-MS_chip659.tif,4
SN5_roads_train_AOI_8_Mumbai_PS-MS_chip683.tif,0
SN5_roads_train_AOI_8_Mumbai_PS-MS_chip405.tif,1
SN5_roads_train_AOI_8_Mumbai_PS-MS_chip109.tif,2
SN5_roads_train_AOI_8_Mumbai_PS-MS_chip468.tif,3
SN5_roads_train_AOI_8_Mumbai_PS-MS_chip726.tif,4
SN5_roads_train_AOI_8_Mumbai_PS-MS_chip535.tif,0
SN5_roads_train_AOI_8_Mumbai_PS-MS_chip729.tif,1
SN5_roads_train_AOI_8_Mumbai_PS-MS_chip935.tif,2
SN5_roads_train_AOI_8_Mumbai_PS-MS_chip260.tif,3
SN5_roads_train_AOI_8_Mumbai_PS-MS_chip421.tif,4
SN5_roads_train_AOI_8_Mumbai_PS-MS_chip911.tif,0
SN5_roads_train_AOI_8_Mumbai_PS-MS_chip89.tif,1
SN5_roads_train_AOI_8_Mumbai_PS-MS_chip981.tif,2
SN5_roads_train_AOI_8_Mumbai_PS-MS_chip167.tif,3
SN5_roads_train_AOI_8_Mumbai_PS-MS_chip877.tif,4
SN5_roads_train_AOI_8_Mumbai_PS-MS_chip469.tif,0
SN5_roads_train_AOI_8_Mumbai_PS-MS_chip151.tif,1
SN5_roads_train_AOI_8_Mumbai_PS-MS_chip641.tif,2
SN5_roads_train_AOI_8_Mumbai_PS-MS_chip957.tif,3
SN5_roads_train_AOI_8_Mumbai_PS-MS_chip577.tif,4
SN5_roads_train_AOI_8_Mumbai_PS-MS_chip653.tif,0
SN5_roads_train_AOI_8_Mumbai_PS-MS_chip482.tif,1
SN5_roads_train_AOI_8_Mumbai_PS-MS_chip941.tif,2
SN5_roads_train_AOI_8_Mumbai_PS-MS_chip180.tif,3
SN5_roads_train_AOI_8_Mumbai_PS-MS_chip831.tif,4
SN5_roads_train_AOI_8_Mumbai_PS-MS_chip265.tif,0
SN5_roads_train_AOI_8_Mumbai_PS-MS_chip327.tif,1
SN5_roads_train_AOI_8_Mumbai_PS-MS_chip637.tif,2
SN5_roads_train_AOI_8_Mumbai_PS-MS_chip292.tif,3
SN5_roads_train_AOI_8_Mumbai_PS-MS_chip205.tif,4
SN5_roads_train_AOI_8_Mumbai_PS-MS_chip457.tif,0
SN5_roads_train_AOI_8_Mumbai_PS-MS_chip781.tif,1
SN5_roads_train_AOI_8_Mumbai_PS-MS_chip31.tif,2
SN5_roads_train_AOI_8_Mumbai_PS-MS_chip172.tif,3
SN5_roads_train_AOI_8_Mumbai_PS-MS_chip352.tif,4
SN5_roads_train_AOI_8_Mumbai_PS-MS_chip230.tif,0
SN5_roads_train_AOI_8_Mumbai_PS-MS_chip1000.tif,1
SN5_roads_train_AOI_8_Mumbai_PS-MS_chip296.tif,2
SN5_roads_train_AOI_8_Mumbai_PS-MS_chip519.tif,3
SN5_roads_train_AOI_8_Mumbai_PS-MS_chip406.tif,4
SN5_roads_train_AOI_8_Mumbai_PS-MS_chip472.tif,0
SN5_roads_train_AOI_8_Mumbai_PS-MS_chip480.tif,1
SN5_roads_train_AOI_8_Mumbai_PS-MS_chip253.tif,2
SN5_roads_train_AOI_8_Mumbai_PS-MS_chip285.tif,3
SN5_roads_train_AOI_8_Mumbai_PS-MS_chip38.tif,4
SN5_roads_train_AOI_8_Mumbai_PS-MS_chip289.tif,0
SN5_roads_train_AOI_8_Mumbai_PS-MS_chip814.tif,1
SN5_roads_train_AOI_8_Mumbai_PS-MS_chip728.tif,2
SN5_roads_train_AOI_8_Mumbai_PS-MS_chip700.tif,3
SN5_roads_train_AOI_8_Mumbai_PS-MS_chip506.tif,4
SN5_roads_train_AOI_8_Mumbai_PS-MS_chip451.tif,0
SN5_roads_train_AOI_8_Mumbai_PS-MS_chip161.tif,1
SN5_roads_train_AOI_8_Mumbai_PS-MS_chip87.tif,2
SN5_roads_train_AOI_8_Mumbai_PS-MS_chip295.tif,3
SN5_roads_train_AOI_8_Mumbai_PS-MS_chip329.tif,4
SN5_roads_train_AOI_8_Mumbai_PS-MS_chip495.tif,0
SN5_roads_train_AOI_8_Mumbai_PS-MS_chip987.tif,1
SN5_roads_train_AOI_8_Mumbai_PS-MS_chip511.tif,2
SN5_roads_train_AOI_8_Mumbai_PS-MS_chip620.tif,3
SN5_roads_train_AOI_8_Mumbai_PS-MS_chip863.tif,4
SN5_roads_train_AOI_8_Mumbai_PS-MS_chip101.tif,0
SN5_roads_train_AOI_8_Mumbai_PS-MS_chip337.tif,1
SN5_roads_train_AOI_8_Mumbai_PS-MS_chip365.tif,2
SN5_roads_train_AOI_8_Mumbai_PS-MS_chip299.tif,3
SN5_roads_train_AOI_8_Mumbai_PS-MS_chip115.tif,4
SN5_roads_train_AOI_8_Mumbai_PS-MS_chip914.tif,0
SN5_roads_train_AOI_8_Mumbai_PS-MS_chip750.tif,1
SN5_roads_train_AOI_8_Mumbai_PS-MS_chip894.tif,2
SN5_roads_train_AOI_8_Mumbai_PS-MS_chip792.tif,3
SN5_roads_train_AOI_8_Mumbai_PS-MS_chip610.tif,4
SN5_roads_train_AOI_8_Mumbai_PS-MS_chip379.tif,0
SN5_roads_train_AOI_8_Mumbai_PS-MS_chip61.tif,1
SN5_roads_train_AOI_8_Mumbai_PS-MS_chip761.tif,2
SN5_roads_train_AOI_8_Mumbai_PS-MS_chip879.tif,3
SN5_roads_train_AOI_8_Mumbai_PS-MS_chip583.tif,4
SN5_roads_train_AOI_8_Mumbai_PS-MS_chip85.tif,0
SN5_roads_train_AOI_8_Mumbai_PS-MS_chip449.tif,1
SN5_roads_train_AOI_8_Mumbai_PS-MS_chip199.tif,2
SN5_roads_train_AOI_8_Mumbai_PS-MS_chip905.tif,3
SN5_roads_train_AOI_8_Mumbai_PS-MS_chip608.tif,4
SN5_roads_train_AOI_8_Mumbai_PS-MS_chip538.tif,0
SN5_roads_train_AOI_8_Mumbai_PS-MS_chip573.tif,1
SN5_roads_train_AOI_8_Mumbai_PS-MS_chip460.tif,2
SN5_roads_train_AOI_8_Mumbai_PS-MS_chip154.tif,3
SN5_roads_train_AOI_8_Mumbai_PS-MS_chip983.tif,4
SN5_roads_train_AOI_8_Mumbai_PS-MS_chip287.tif,0
SN5_roads_train_AOI_8_Mumbai_PS-MS_chip525.tif,1
SN5_roads_train_AOI_8_Mumbai_PS-MS_chip395.tif,2
SN5_roads_train_AOI_8_Mumbai_PS-MS_chip712.tif,3
SN5_roads_train_AOI_8_Mumbai_PS-MS_chip739.tif,4
SN5_roads_train_AOI_8_Mumbai_PS-MS_chip486.tif,0
SN5_roads_train_AOI_8_Mumbai_PS-MS_chip477.tif,1
SN5_roads_train_AOI_8_Mumbai_PS-MS_chip816.tif,2
SN5_roads_train_AOI_8_Mumbai_PS-MS_chip297.tif,3
SN5_roads_train_AOI_8_Mumbai_PS-MS_chip670.tif,4
SN5_roads_train_AOI_8_Mumbai_PS-MS_chip37.tif,0
SN5_roads_train_AOI_8_Mumbai_PS-MS_chip536.tif,1
SN5_roads_train_AOI_8_Mumbai_PS-MS_chip848.tif,2
SN5_roads_train_AOI_8_Mumbai_PS-MS_chip508.tif,3
SN5_roads_train_AOI_8_Mumbai_PS-MS_chip681.tif,4
SN5_roads_train_AOI_8_Mumbai_PS-MS_chip402.tif,0
SN5_roads_train_AOI_8_Mumbai_PS-MS_chip441.tif,1
SN5_roads_train_AOI_8_Mumbai_PS-MS_chip937.tif,2
SN5_roads_train_AOI_8_Mumbai_PS-MS_chip651.tif,3
SN5_roads_train_AOI_8_Mumbai_PS-MS_chip635.tif,4
SN5_roads_train_AOI_8_Mumbai_PS-MS_chip263.tif,0
SN5_roads_train_AOI_8_Mumbai_PS-MS_chip699.tif,1
SN5_roads_train_AOI_8_Mumbai_PS-MS_chip15.tif,2
SN5_roads_train_AOI_8_Mumbai_PS-MS_chip521.tif,3
SN5_roads_train_AOI_8_Mumbai_PS-MS_chip198.tif,4
SN5_roads_train_AOI_8_Mumbai_PS-MS_chip514.tif,0
SN5_roads_train_AOI_8_Mumbai_PS-MS_chip461.tif,1
SN5_roads_train_AOI_8_Mumbai_PS-MS_chip387.tif,2
SN5_roads_train_AOI_8_Mumbai_PS-MS_chip931.tif,3
SN5_roads_train_AOI_8_Mumbai_PS-MS_chip176.tif,4
SN5_roads_train_AOI_8_Mumbai_PS-MS_chip550.tif,0
SN5_roads_train_AOI_8_Mumbai_PS-MS_chip718.tif,1
SN5_roads_train_AOI_8_Mumbai_PS-MS_chip178.tif,2
SN5_roads_train_AOI_8_Mumbai_PS-MS_chip744.tif,3
SN5_roads_train_AOI_8_Mumbai_PS-MS_chip737.tif,4
SN5_roads_train_AOI_8_Mumbai_PS-MS_chip459.tif,0
SN5_roads_train_AOI_8_Mumbai_PS-MS_chip932.tif,1
SN5_roads_train_AOI_8_Mumbai_PS-MS_chip576.tif,2
SN5_roads_train_AOI_8_Mumbai_PS-MS_chip345.tif,3
SN5_roads_train_AOI_8_Mumbai_PS-MS_chip790.tif,4
SN5_roads_train_AOI_8_Mumbai_PS-MS_chip852.tif,0
SN5_roads_train_AOI_8_Mumbai_PS-MS_chip766.tif,1
SN5_roads_train_AOI_8_Mumbai_PS-MS_chip104.tif,2
SN5_roads_train_AOI_8_Mumbai_PS-MS_chip819.tif,3
SN5_roads_train_AOI_8_Mumbai_PS-MS_chip864.tif,4
SN5_roads_train_AOI_8_Mumbai_PS-MS_chip513.tif,0
SN5_roads_train_AOI_8_Mumbai_PS-MS_chip833.tif,1
SN5_roads_train_AOI_8_Mumbai_PS-MS_chip44.tif,2
SN5_roads_train_AOI_8_Mumbai_PS-MS_chip363.tif,3
SN5_roads_train_AOI_8_Mumbai_PS-MS_chip446.tif,4
SN5_roads_train_AOI_8_Mumbai_PS-MS_chip380.tif,0
SN5_roads_train_AOI_8_Mumbai_PS-MS_chip936.tif,1
SN5_roads_train_AOI_8_Mumbai_PS-MS_chip393.tif,2
SN5_roads_train_AOI_8_Mumbai_PS-MS_chip244.tif,3
SN5_roads_train_AOI_8_Mumbai_PS-MS_chip438.tif,4
SN5_roads_train_AOI_8_Mumbai_PS-MS_chip999.tif,0
SN5_roads_train_AOI_8_Mumbai_PS-MS_chip611.tif,1
SN5_roads_train_AOI_8_Mumbai_PS-MS_chip1013.tif,2
SN5_roads_train_AOI_8_Mumbai_PS-MS_chip1005.tif,3
SN5_roads_train_AOI_8_Mumbai_PS-MS_chip389.tif,4
SN5_roads_train_AOI_8_Mumbai_PS-MS_chip557.tif,0
SN5_roads_train_AOI_8_Mumbai_PS-MS_chip564.tif,1
SN5_roads_train_AOI_8_Mumbai_PS-MS_chip131.tif,2
SN5_roads_train_AOI_8_Mumbai_PS-MS_chip65.tif,3
SN5_roads_train_AOI_8_Mumbai_PS-MS_chip394.tif,4
SN5_roads_train_AOI_8_Mumbai_PS-MS_chip709.tif,0
SN5_roads_train_AOI_8_Mumbai_PS-MS_chip820.tif,1
SN5_roads_train_AOI_8_Mumbai_PS-MS_chip217.tif,2
SN5_roads_train_AOI_8_Mumbai_PS-MS_chip732.tif,3
SN5_roads_train_AOI_8_Mumbai_PS-MS_chip551.tif,4
SN5_roads_train_AOI_8_Mumbai_PS-MS_chip59.tif,0
SN5_roads_train_AOI_8_Mumbai_PS-MS_chip310.tif,1
SN5_roads_train_AOI_8_Mumbai_PS-MS_chip996.tif,2
SN5_roads_train_AOI_8_Mumbai_PS-MS_chip356.tif,3
SN5_roads_train_AOI_8_Mumbai_PS-MS_chip714.tif,4
SN5_roads_train_AOI_8_Mumbai_PS-MS_chip515.tif,0
SN5_roads_train_AOI_8_Mumbai_PS-MS_chip219.tif,1
SN5_roads_train_AOI_8_Mumbai_PS-MS_chip980.tif,2
SN5_roads_train_AOI_8_Mumbai_PS-MS_chip390.tif,3
SN5_roads_train_AOI_8_Mumbai_PS-MS_chip333.tif,4
SN5_roads_train_AOI_8_Mumbai_PS-MS_chip965.tif,0
SN5_roads_train_AOI_8_Mumbai_PS-MS_chip1008.tif,1
SN5_roads_train_AOI_8_Mumbai_PS-MS_chip66.tif,2
SN5_roads_train_AOI_8_Mumbai_PS-MS_chip340.tif,3
SN5_roads_train_AOI_8_Mumbai_PS-MS_chip41.tif,4
SN5_roads_train_AOI_8_Mumbai_PS-MS_chip768.tif,0
SN5_roads_train_AOI_8_Mumbai_PS-MS_chip349.tif,1
SN5_roads_train_AOI_8_Mumbai_PS-MS_chip67.tif,2
SN5_roads_train_AOI_8_Mumbai_PS-MS_chip279.tif,3
SN5_roads_train_AOI_8_Mumbai_PS-MS_chip60.tif,4
SN5_roads_train_AOI_8_Mumbai_PS-MS_chip453.tif,0
SN5_roads_train_AOI_8_Mumbai_PS-MS_chip650.tif,1
SN5_roads_train_AOI_8_Mumbai_PS-MS_chip580.tif,2
SN5_roads_train_AOI_8_Mumbai_PS-MS_chip471.tif,3
SN5_roads_train_AOI_8_Mumbai_PS-MS_chip27.tif,4
SN5_roads_train_AOI_8_Mumbai_PS-MS_chip1.tif,0
SN5_roads_train_AOI_8_Mumbai_PS-MS_chip14.tif,1
SN5_roads_train_AOI_8_Mumbai_PS-MS_chip554.tif,2
SN5_roads_train_AOI_8_Mumbai_PS-MS_chip110.tif,3
SN5_roads_train_AOI_8_Mumbai_PS-MS_chip432.tif,4
SN5_roads_train_AOI_8_Mumbai_PS-MS_chip530.tif,0
SN5_roads_train_AOI_8_Mumbai_PS-MS_chip685.tif,1
SN5_roads_train_AOI_8_Mumbai_PS-MS_chip336.tif,2
SN5_roads_train_AOI_8_Mumbai_PS-MS_chip192.tif,3
SN5_roads_train_AOI_8_Mumbai_PS-MS_chip48.tif,4
SN5_roads_train_AOI_8_Mumbai_PS-MS_chip948.tif,0
SN5_roads_train_AOI_8_Mumbai_PS-MS_chip269.tif,1
SN5_roads_train_AOI_8_Mumbai_PS-MS_chip392.tif,2
SN5_roads_train_AOI_8_Mumbai_PS-MS_chip467.tif,3
SN5_roads_train_AOI_8_Mumbai_PS-MS_chip971.tif,4
SN5_roads_train_AOI_8_Mumbai_PS-MS_chip78.tif,0
SN5_roads_train_AOI_8_Mumbai_PS-MS_chip357.tif,1
SN5_roads_train_AOI_8_Mumbai_PS-MS_chip731.tif,2
SN5_roads_train_AOI_8_Mumbai_PS-MS_chip385.tif,3
SN5_roads_train_AOI_8_Mumbai_PS-MS_chip706.tif,4
SN5_roads_train_AOI_8_Mumbai_PS-MS_chip256.tif,0
SN5_roads_train_AOI_8_Mumbai_PS-MS_chip70.tif,1
SN5_roads_train_AOI_8_Mumbai_PS-MS_chip759.tif,2
SN5_roads_train_AOI_8_Mumbai_PS-MS_chip909.tif,3
SN5_roads_train_AOI_8_Mumbai_PS-MS_chip47.tif,4
SN5_roads_train_AOI_8_Mumbai_PS-MS_chip290.tif,0
SN5_roads_train_AOI_8_Mumbai_PS-MS_chip470.tif,1
SN5_roads_train_AOI_8_Mumbai_PS-MS_chip703.tif,2
SN5_roads_train_AOI_8_Mumbai_PS-MS_chip907.tif,3
SN5_roads_train_AOI_8_Mumbai_PS-MS_chip445.tif,4
SN5_roads_train_AOI_8_Mumbai_PS-MS_chip186.tif,0
SN5_roads_train_AOI_8_Mumbai_PS-MS_chip113.tif,1
SN5_roads_train_AOI_8_Mumbai_PS-MS_chip532.tif,2
SN5_roads_train_AOI_8_Mumbai_PS-MS_chip175.tif,3
SN5_roads_train_AOI_8_Mumbai_PS-MS_chip567.tif,4
SN5_roads_train_AOI_8_Mumbai_PS-MS_chip106.tif,0
SN5_roads_train_AOI_8_Mumbai_PS-MS_chip232.tif,1
SN5_roads_train_AOI_8_Mumbai_PS-MS_chip788.tif,2
SN5_roads_train_AOI_8_Mumbai_PS-MS_chip853.tif,3
SN5_roads_train_AOI_8_Mumbai_PS-MS_chip665.tif,4
SN5_roads_train_AOI_8_Mumbai_PS-MS_chip414.tif,0
SN5_roads_train_AOI_8_Mumbai_PS-MS_chip435.tif,1
SN5_roads_train_AOI_8_Mumbai_PS-MS_chip802.tif,2
SN5_roads_train_AOI_8_Mumbai_PS-MS_chip241.tif,3
SN5_roads_train_AOI_8_Mumbai_PS-MS_chip293.tif,4
SN5_roads_train_AOI_8_Mumbai_PS-MS_chip407.tif,0
SN5_roads_train_AOI_8_Mumbai_PS-MS_chip878.tif,1
SN5_roads_train_AOI_8_Mumbai_PS-MS_chip126.tif,2
SN5_roads_train_AOI_8_Mumbai_PS-MS_chip520.tif,3
SN5_roads_train_AOI_8_Mumbai_PS-MS_chip989.tif,4
SN5_roads_train_AOI_8_Mumbai_PS-MS_chip834.tif,0
SN5_roads_train_AOI_8_Mumbai_PS-MS_chip147.tif,1
SN5_roads_train_AOI_8_Mumbai_PS-MS_chip979.tif,2
SN5_roads_train_AOI_8_Mumbai_PS-MS_chip903.tif,3
SN5_roads_train_AOI_8_Mumbai_PS-MS_chip992.tif,4
SN5_roads_train_AOI_8_Mumbai_PS-MS_chip69.tif,0
SN5_roads_train_AOI_8_Mumbai_PS-MS_chip22.tif,1
SN5_roads_train_AOI_8_Mumbai_PS-MS_chip487.tif,2
SN5_roads_train_AOI_8_Mumbai_PS-MS_chip181.tif,3
SN5_roads_train_AOI_8_Mumbai_PS-MS_chip325.tif,4
SN5_roads_train_AOI_8_Mumbai_PS-MS_chip384.tif,0
SN5_roads_train_AOI_8_Mumbai_PS-MS_chip910.tif,1
SN5_roads_train_AOI_8_Mumbai_PS-MS_chip111.tif,2
SN5_roads_train_AOI_8_Mumbai_PS-MS_chip1007.tif,3
SN5_roads_train_AOI_8_Mumbai_PS-MS_chip815.tif,4
SN5_roads_train_AOI_8_Mumbai_PS-MS_chip213.tif,0
SN5_roads_train_AOI_8_Mumbai_PS-MS_chip190.tif,1
SN5_roads_train_AOI_8_Mumbai_PS-MS_chip502.tif,2
SN5_roads_train_AOI_8_Mumbai_PS-MS_chip242.tif,3
SN5_roads_train_AOI_8_Mumbai_PS-MS_chip822.tif,4
SN5_roads_train_AOI_8_Mumbai_PS-MS_chip346.tif,0
SN5_roads_train_AOI_8_Mumbai_PS-MS_chip657.tif,1
SN5_roads_train_AOI_8_Mumbai_PS-MS_chip63.tif,2
SN5_roads_train_AOI_8_Mumbai_PS-MS_chip465.tif,3
SN5_roads_train_AOI_8_Mumbai_PS-MS_chip331.tif,4
SN5_roads_train_AOI_8_Mumbai_PS-MS_chip867.tif,0
SN5_roads_train_AOI_8_Mumbai_PS-MS_chip743.tif,1
SN5_roads_train_AOI_8_Mumbai_PS-MS_chip547.tif,2
SN5_roads_train_AOI_8_Mumbai_PS-MS_chip798.tif,3
SN5_roads_train_AOI_8_Mumbai_PS-MS_chip666.tif,4
SN5_roads_train_AOI_8_Mumbai_PS-MS_chip640.tif,0
SN5_roads_train_AOI_8_Mumbai_PS-MS_chip632.tif,1
SN5_roads_train_AOI_8_Mumbai_PS-MS_chip74.tif,2
SN5_roads_train_AOI_8_Mumbai_PS-MS_chip288.tif,3
SN5_roads_train_AOI_8_Mumbai_PS-MS_chip130.tif,4
SN5_roads_train_AOI_8_Mumbai_PS-MS_chip881.tif,0
SN5_roads_train_AOI_8_Mumbai_PS-MS_chip262.tif,1
SN5_roads_train_AOI_8_Mumbai_PS-MS_chip1003.tif,2
SN5_roads_train_AOI_8_Mumbai_PS-MS_chip808.tif,3
SN5_roads_train_AOI_8_Mumbai_PS-MS_chip437.tif,4
SN5_roads_train_AOI_8_Mumbai_PS-MS_chip483.tif,0
SN5_roads_train_AOI_8_Mumbai_PS-MS_chip193.tif,1
SN5_roads_train_AOI_8_Mumbai_PS-MS_chip960.tif,2
SN5_roads_train_AOI_8_Mumbai_PS-MS_chip752.tif,3
SN5_roads_train_AOI_8_Mumbai_PS-MS_chip361.tif,4
SN5_roads_train_AOI_8_Mumbai_PS-MS_chip705.tif,0
SN5_roads_train_AOI_8_Mumbai_PS-MS_chip237.tif,1
SN5_roads_train_AOI_8_Mumbai_PS-MS_chip343.tif,2
SN5_roads_train_AOI_8_Mumbai_PS-MS_chip845.tif,3
SN5_roads_train_AOI_8_Mumbai_PS-MS_chip642.tif,4
SN5_roads_train_AOI_8_Mumbai_PS-MS_chip586.tif,0
SN5_roads_train_AOI_8_Mumbai_PS-MS_chip876.tif,1
SN5_roads_train_AOI_8_Mumbai_PS-MS_chip248.tif,2
SN5_roads_train_AOI_8_Mumbai_PS-MS_chip166.tif,3
SN5_roads_train_AOI_8_Mumbai_PS-MS_chip826.tif,4
SN5_roads_train_AOI_8_Mumbai_PS-MS_chip629.tif,0
SN5_roads_train_AOI_8_Mumbai_PS-MS_chip212.tif,1
SN5_roads_train_AOI_8_Mumbai_PS-MS_chip354.tif,2
SN5_roads_train_AOI_8_Mumbai_PS-MS_chip281.tif,3
SN5_roads_train_AOI_8_Mumbai_PS-MS_chip799.tif,4
SN5_roads_train_AOI_8_Mumbai_PS-MS_chip794.tif,0
SN5_roads_train_AOI_8_Mumbai_PS-MS_chip257.tif,1
SN5_roads_train_AOI_8_Mumbai_PS-MS_chip228.tif,2
SN5_roads_train_AOI_8_Mumbai_PS-MS_chip660.tif,3
SN5_roads_train_AOI_8_Mumbai_PS-MS_chip687.tif,4
SN5_roads_train_AOI_8_Mumbai_PS-MS_chip955.tif,0
SN5_roads_train_AOI_8_Mumbai_PS-MS_chip86.tif,1
SN5_roads_train_AOI_8_Mumbai_PS-MS_chip602.tif,2
SN5_roads_train_AOI_8_Mumbai_PS-MS_chip58.tif,3
SN5_roads_train_AOI_8_Mumbai_PS-MS_chip825.tif,4
SN5_roads_train_AOI_8_Mumbai_PS-MS_chip689.tif,0
SN5_roads_train_AOI_8_Mumbai_PS-MS_chip306.tif,1
SN5_roads_train_AOI_8_Mumbai_PS-MS_chip504.tif,2
SN5_roads_train_AOI_8_Mumbai_PS-MS_chip807.tif,3
SN5_roads_train_AOI_8_Mumbai_PS-MS_chip625.tif,4
SN5_roads_train_AOI_8_Mumbai_PS-MS_chip686.tif,0
SN5_roads_train_AOI_8_Mumbai_PS-MS_chip82.tif,1
SN5_roads_train_AOI_8_Mumbai_PS-MS_chip3.tif,2
SN5_roads_train_AOI_8_Mumbai_PS-MS_chip444.tif,3
SN5_roads_train_AOI_8_Mumbai_PS-MS_chip83.tif,4
SN5_roads_train_AOI_8_Mumbai_PS-MS_chip215.tif,0
SN5_roads_train_AOI_8_Mumbai_PS-MS_chip62.tif,1
SN5_roads_train_AOI_8_Mumbai_PS-MS_chip782.tif,2
SN5_roads_train_AOI_8_Mumbai_PS-MS_chip77.tif,3
SN5_roads_train_AOI_8_Mumbai_PS-MS_chip501.tif,4
SN5_roads_train_AOI_8_Mumbai_PS-MS_chip399.tif,0
SN5_roads_train_AOI_8_Mumbai_PS-MS_chip658.tif,1
SN5_roads_train_AOI_8_Mumbai_PS-MS_chip375.tif,2
SN5_roads_train_AOI_8_Mumbai_PS-MS_chip163.tif,3
SN5_roads_train_AOI_8_Mumbai_PS-MS_chip922.tif,4
SN5_roads_train_AOI_8_Mumbai_PS-MS_chip116.tif,0
SN5_roads_train_AOI_8_Mumbai_PS-MS_chip710.tif,1
SN5_roads_train_AOI_8_Mumbai_PS-MS_chip982.tif,2
SN5_roads_train_AOI_8_Mumbai_PS-MS_chip1014.tif,3
SN5_roads_train_AOI_8_Mumbai_PS-MS_chip40.tif,4
SN5_roads_train_AOI_8_Mumbai_PS-MS_chip673.tif,0
SN5_roads_train_AOI_8_Mumbai_PS-MS_chip593.tif,1
SN5_roads_train_AOI_8_Mumbai_PS-MS_chip255.tif,2
SN5_roads_train_AOI_8_Mumbai_PS-MS_chip102.tif,3
SN5_roads_train_AOI_8_Mumbai_PS-MS_chip893.tif,4
SN5_roads_train_AOI_8_Mumbai_PS-MS_chip243.tif,0
SN5_roads_train_AOI_8_Mumbai_PS-MS_chip682.tif,1
SN5_roads_train_AOI_8_Mumbai_PS-MS_chip1001.tif,2
SN5_roads_train_AOI_8_Mumbai_PS-MS_chip748.tif,3
SN5_roads_train_AOI_8_Mumbai_PS-MS_chip664.tif,4
SN5_roads_train_AOI_8_Mumbai_PS-MS_chip415.tif,0
SN5_roads_train_AOI_8_Mumbai_PS-MS_chip308.tif,1
SN5_roads_train_AOI_8_Mumbai_PS-MS_chip420.tif,2
SN5_roads_train_AOI_8_Mumbai_PS-MS_chip829.tif,3
SN5_roads_train_AOI_8_Mumbai_PS-MS_chip908.tif,4
SN5_roads_train_AOI_8_Mumbai_PS-MS_chip179.tif,0
SN5_roads_train_AOI_8_Mumbai_PS-MS_chip851.tif,1
SN5_roads_train_AOI_8_Mumbai_PS-MS_chip1009.tif,2
SN5_roads_train_AOI_8_Mumbai_PS-MS_chip990.tif,3
SN5_roads_train_AOI_8_Mumbai_PS-MS_chip917.tif,4
SN5_roads_train_AOI_8_Mumbai_PS-MS_chip71.tif,0
SN5_roads_train_AOI_8_Mumbai_PS-MS_chip888.tif,1
SN5_roads_train_AOI_8_Mumbai_PS-MS_chip382.tif,2
SN5_roads_train_AOI_8_Mumbai_PS-MS_chip211.tif,3
SN5_roads_train_AOI_8_Mumbai_PS-MS_chip370.tif,4
SN5_roads_train_AOI_8_Mumbai_PS-MS_chip474.tif,0
SN5_roads_train_AOI_8_Mumbai_PS-MS_chip1002.tif,1
SN5_roads_train_AOI_8_Mumbai_PS-MS_chip29.tif,2
SN5_roads_train_AOI_8_Mumbai_PS-MS_chip127.tif,3
SN5_roads_train_AOI_8_Mumbai_PS-MS_chip4.tif,4
SN5_roads_train_AOI_8_Mumbai_PS-MS_chip377.tif,0
SN5_roads_train_AOI_8_Mumbai_PS-MS_chip818.tif,1
SN5_roads_train_AOI_8_Mumbai_PS-MS_chip429.tif,2
SN5_roads_train_AOI_8_Mumbai_PS-MS_chip456.tif,3
SN5_roads_train_AOI_8_Mumbai_PS-MS_chip97.tif,4
SN5_roads_train_AOI_8_Mumbai_PS-MS_chip13.tif,0
SN5_roads_train_AOI_8_Mumbai_PS-MS_chip278.tif,1
SN5_roads_train_AOI_8_Mumbai_PS-MS_chip412.tif,2
SN5_roads_train_AOI_8_Mumbai_PS-MS_chip749.tif,3
SN5_roads_train_AOI_8_Mumbai_PS-MS_chip381.tif,4
SN5_roads_train_AOI_8_Mumbai_PS-MS_chip439.tif,0
SN5_roads_train_AOI_8_Mumbai_PS-MS_chip764.tif,1
SN5_roads_train_AOI_8_Mumbai_PS-MS_chip646.tif,2
SN5_roads_train_AOI_8_Mumbai_PS-MS_chip231.tif,3
SN5_roads_train_AOI_8_Mumbai_PS-MS_chip774.tif,4
SN5_roads_train_AOI_8_Mumbai_PS-MS_chip220.tif,0
SN5_roads_train_AOI_8_Mumbai_PS-MS_chip735.tif,1
SN5_roads_train_AOI_8_Mumbai_PS-MS_chip464.tif,2
SN5_roads_train_AOI_8_Mumbai_PS-MS_chip121.tif,3
SN5_roads_train_AOI_8_Mumbai_PS-MS_chip7.tif,4
SN5_roads_train_AOI_8_Mumbai_PS-MS_chip676.tif,0
SN5_roads_train_AOI_8_Mumbai_PS-MS_chip427.tif,1
SN5_roads_train_AOI_8_Mumbai_PS-MS_chip942.tif,2
SN5_roads_train_AOI_8_Mumbai_PS-MS_chip268.tif,3
SN5_roads_train_AOI_8_Mumbai_PS-MS_chip921.tif,4
SN5_roads_train_AOI_8_Mumbai_PS-MS_chip246.tif,0
SN5_roads_train_AOI_8_Mumbai_PS-MS_chip591.tif,1
SN5_roads_train_AOI_8_Mumbai_PS-MS_chip188.tif,2
SN5_roads_train_AOI_8_Mumbai_PS-MS_chip123.tif,3
SN5_roads_train_AOI_8_Mumbai_PS-MS_chip836.tif,4
SN5_roads_train_AOI_8_Mumbai_PS-MS_chip693.tif,0
SN5_roads_train_AOI_8_Mumbai_PS-MS_chip120.tif,1
SN5_roads_train_AOI_8_Mumbai_PS-MS_chip762.tif,2
SN5_roads_train_AOI_8_Mumbai_PS-MS_chip572.tif,3
SN5_roads_train_AOI_8_Mumbai_PS-MS_chip302.tif,4
SN5_roads_train_AOI_8_Mumbai_PS-MS_chip39.tif,0
SN5_roads_train_AOI_8_Mumbai_PS-MS_chip823.tif,1
SN5_roads_train_AOI_8_Mumbai_PS-MS_chip182.tif,2
SN5_roads_train_AOI_8_Mumbai_PS-MS_chip240.tif,3
SN5_roads_train_AOI_8_Mumbai_PS-MS_chip112.tif,4
SN5_roads_train_AOI_8_Mumbai_PS-MS_chip358.tif,0
SN5_roads_train_AOI_8_Mumbai_PS-MS_chip622.tif,1
SN5_roads_train_AOI_8_Mumbai_PS-MS_chip533.tif,2
SN5_roads_train_AOI_8_Mumbai_PS-MS_chip755.tif,3
SN5_roads_train_AOI_8_Mumbai_PS-MS_chip930.tif,4
SN5_roads_train_AOI_8_Mumbai_PS-MS_chip75.tif,0
SN5_roads_train_AOI_8_Mumbai_PS-MS_chip919.tif,1
SN5_roads_train_AOI_8_Mumbai_PS-MS_chip368.tif,2
SN5_roads_train_AOI_8_Mumbai_PS-MS_chip258.tif,3
SN5_roads_train_AOI_8_Mumbai_PS-MS_chip793.tif,4
SN5_roads_train_AOI_8_Mumbai_PS-MS_chip777.tif,0
SN5_roads_train_AOI_8_Mumbai_PS-MS_chip882.tif,1
SN5_roads_train_AOI_8_Mumbai_PS-MS_chip397.tif,2
SN5_roads_train_AOI_8_Mumbai_PS-MS_chip745.tif,3
SN5_roads_train_AOI_8_Mumbai_PS-MS_chip623.tif,4
SN5_roads_train_AOI_8_Mumbai_PS-MS_chip902.tif,0
SN5_roads_train_AOI_8_Mumbai_PS-MS_chip1010.tif,1
SN5_roads_train_AOI_8_Mumbai_PS-MS_chip701.tif,2
SN5_roads_train_AOI_8_Mumbai_PS-MS_chip619.tif,3
SN5_roads_train_AOI_8_Mumbai_PS-MS_chip691.tif,4
SN5_roads_train_AOI_8_Mumbai_PS-MS_chip312.tif,0
SN5_roads_train_AOI_8_Mumbai_PS-MS_chip272.tif,1
SN5_roads_train_AOI_8_Mumbai_PS-MS_chip605.tif,2
SN5_roads_train_AOI_8_Mumbai_PS-MS_chip247.tif,3
SN5_roads_train_AOI_8_Mumbai_PS-MS_chip419.tif,4
SN5_roads_train_AOI_8_Mumbai_PS-MS_chip309.tif,0
SN5_roads_train_AOI_8_Mumbai_PS-MS_chip889.tif,1
SN5_roads_train_AOI_8_Mumbai_PS-MS_chip920.tif,2
SN5_roads_train_AOI_8_Mumbai_PS-MS_chip24.tif,3
SN5_roads_train_AOI_8_Mumbai_PS-MS_chip208.tif,4
SN5_roads_train_AOI_8_Mumbai_PS-MS_chip200.tif,0
SN5_roads_train_AOI_8_Mumbai_PS-MS_chip425.tif,1
SN5_roads_train_AOI_8_Mumbai_PS-MS_chip391.tif,2
SN5_roads_train_AOI_8_Mumbai_PS-MS_chip843.tif,3
SN5_roads_train_AOI_8_Mumbai_PS-MS_chip184.tif,4
SN5_roads_train_AOI_8_Mumbai_PS-MS_chip558.tif,0
SN5_roads_train_AOI_8_Mumbai_PS-MS_chip543.tif,1
SN5_roads_train_AOI_8_Mumbai_PS-MS_chip649.tif,2
SN5_roads_train_AOI_8_Mumbai_PS-MS_chip0.tif,3
SN5_roads_train_AOI_8_Mumbai_PS-MS_chip662.tif,4
SN5_roads_train_AOI_8_Mumbai_PS-MS_chip721.tif,0
SN5_roads_train_AOI_8_Mumbai_PS-MS_chip136.tif,1
SN5_roads_train_AOI_8_Mumbai_PS-MS_chip373.tif,2
SN5_roads_train_AOI_8_Mumbai_PS-MS_chip978.tif,3
SN5_roads_train_AOI_8_Mumbai_PS-MS_chip991.tif,4
SN5_roads_train_AOI_8_Mumbai_PS-MS_chip906.tif,0
SN5_roads_train_AOI_8_Mumbai_PS-MS_chip898.tif,1
SN5_roads_train_AOI_8_Mumbai_PS-MS_chip975.tif,2
SN5_roads_train_AOI_8_Mumbai_PS-MS_chip404.tif,3
SN5_roads_train_AOI_8_Mumbai_PS-MS_chip633.tif,4
SN5_roads_train_AOI_8_Mumbai_PS-MS_chip150.tif,0
SN5_roads_train_AOI_8_Mumbai_PS-MS_chip539.tif,1
SN5_roads_train_AOI_8_Mumbai_PS-MS_chip117.tif,2
SN5_roads_train_AOI_8_Mumbai_PS-MS_chip42.tif,3
SN5_roads_train_AOI_8_Mumbai_PS-MS_chip96.tif,4
SN5_roads_train_AOI_8_Mumbai_PS-MS_chip776.tif,0
SN5_roads_train_AOI_8_Mumbai_PS-MS_chip754.tif,1
SN5_roads_train_AOI_8_Mumbai_PS-MS_chip103.tif,2
SN5_roads_train_AOI_8_Mumbai_PS-MS_chip887.tif,3
SN5_roads_train_AOI_8_Mumbai_PS-MS_chip233.tif,4
SN5_roads_train_AOI_8_Mumbai_PS-MS_chip398.tif,0
SN5_roads_train_AOI_8_Mumbai_PS-MS_chip872.tif,1
SN5_roads_train_AOI_8_Mumbai_PS-MS_chip974.tif,2
SN5_roads_train_AOI_8_Mumbai_PS-MS_chip99.tif,3
SN5_roads_train_AOI_8_Mumbai_PS-MS_chip79.tif,4
SN5_roads_train_AOI_8_Mumbai_PS-MS_chip945.tif,0
SN5_roads_train_AOI_8_Mumbai_PS-MS_chip926.tif,1
SN5_roads_train_AOI_8_Mumbai_PS-MS_chip711.tif,2
SN5_roads_train_AOI_8_Mumbai_PS-MS_chip250.tif,3
SN5_roads_train_AOI_8_Mumbai_PS-MS_chip697.tif,4
SN5_roads_train_AOI_8_Mumbai_PS-MS_chip861.tif,0
SN5_roads_train_AOI_8_Mumbai_PS-MS_chip203.tif,1
SN5_roads_train_AOI_8_Mumbai_PS-MS_chip626.tif,2
SN5_roads_train_AOI_8_Mumbai_PS-MS_chip122.tif,3
SN5_roads_train_AOI_8_Mumbai_PS-MS_chip779.tif,4
SN5_roads_train_AOI_8_Mumbai_PS-MS_chip46.tif,0
SN5_roads_train_AOI_8_Mumbai_PS-MS_chip918.tif,1
SN5_roads_train_AOI_8_Mumbai_PS-MS_chip410.tif,2
SN5_roads_train_AOI_8_Mumbai_PS-MS_chip493.tif,3
SN5_roads_train_AOI_8_Mumbai_PS-MS_chip209.tif,4
SN5_roads_train_AOI_8_Mumbai_PS-MS_chip668.tif,0
SN5_roads_train_AOI_8_Mumbai_PS-MS_chip969.tif,1
SN5_roads_train_AOI_8_Mumbai_PS-MS_chip617.tif,2
SN5_roads_train_AOI_8_Mumbai_PS-MS_chip835.tif,3
SN5_roads_train_AOI_8_Mumbai_PS-MS_chip708.tif,4
SN5_roads_train_AOI_8_Mumbai_PS-MS_chip254.tif,0
SN5_roads_train_AOI_8_Mumbai_PS-MS_chip23.tif,1
SN5_roads_train_AOI_8_Mumbai_PS-MS_chip305.tif,2
SN5_roads_train_AOI_8_Mumbai_PS-MS_chip860.tif,3
SN5_roads_train_AOI_8_Mumbai_PS-MS_chip210.tif,4
SN5_roads_train_AOI_8_Mumbai_PS-MS_chip360.tif,0
SN5_roads_train_AOI_8_Mumbai_PS-MS_chip582.tif,1
SN5_roads_train_AOI_8_Mumbai_PS-MS_chip133.tif,2
SN5_roads_train_AOI_8_Mumbai_PS-MS_chip884.tif,3
SN5_roads_train_AOI_8_Mumbai_PS-MS_chip966.tif,4
SN5_roads_train_AOI_8_Mumbai_PS-MS_chip376.tif,0
SN5_roads_train_AOI_8_Mumbai_PS-MS_chip588.tif,1
SN5_roads_train_AOI_8_Mumbai_PS-MS_chip434.tif,2
SN5_roads_train_AOI_8_Mumbai_PS-MS_chip784.tif,3
SN5_roads_train_AOI_8_Mumbai_PS-MS_chip976.tif,4
SN5_roads_train_AOI_8_Mumbai_PS-MS_chip323.tif,0
SN5_roads_train_AOI_8_Mumbai_PS-MS_chip663.tif,1
SN5_roads_train_AOI_8_Mumbai_PS-MS_chip892.tif,2
SN5_roads_train_AOI_8_Mumbai_PS-MS_chip821.tif,3
SN5_roads_train_AOI_8_Mumbai_PS-MS_chip261.tif,4
SN5_roads_train_AOI_8_Mumbai_PS-MS_chip915.tif,0
SN5_roads_train_AOI_8_Mumbai_PS-MS_chip50.tif,1
SN5_roads_train_AOI_8_Mumbai_PS-MS_chip274.tif,2
SN5_roads_train_AOI_8_Mumbai_PS-MS_chip56.tif,3
SN5_roads_train_AOI_8_Mumbai_PS-MS_chip672.tif,4
SN5_roads_train_AOI_8_Mumbai_PS-MS_chip53.tif,0
SN5_roads_train_AOI_8_Mumbai_PS-MS_chip581.tif,1
SN5_roads_train_AOI_8_Mumbai_PS-MS_chip654.tif,2
SN5_roads_train_AOI_8_Mumbai_PS-MS_chip238.tif,3
SN5_roads_train_AOI_8_Mumbai_PS-MS_chip524.tif,4
SN5_roads_train_AOI_8_Mumbai_PS-MS_chip801.tif,0
SN5_roads_train_AOI_8_Mumbai_PS-MS_chip742.tif,1
SN5_roads_train_AOI_8_Mumbai_PS-MS_chip160.tif,2
SN5_roads_train_AOI_8_Mumbai_PS-MS_chip148.tif,3
SN5_roads_train_AOI_8_Mumbai_PS-MS_chip54.tif,4
SN5_roads_train_AOI_8_Mumbai_PS-MS_chip334.tif,0
SN5_roads_train_AOI_8_Mumbai_PS-MS_chip328.tif,1
SN5_roads_train_AOI_8_Mumbai_PS-MS_chip913.tif,2
SN5_roads_train_AOI_8_Mumbai_PS-MS_chip26.tif,3
SN5_roads_train_AOI_8_Mumbai_PS-MS_chip187.tif,4
SN5_roads_train_AOI_8_Mumbai_PS-MS_chip862.tif,0
SN5_roads_train_AOI_8_Mumbai_PS-MS_chip900.tif,1
SN5_roads_train_AOI_8_Mumbai_PS-MS_chip369.tif,2
SN5_roads_train_AOI_8_Mumbai_PS-MS_chip751.tif,3
SN5_roads_train_AOI_8_Mumbai_PS-MS_chip141.tif,4
SN5_roads_train_AOI_8_Mumbai_PS-MS_chip607.tif,0
SN5_roads_train_AOI_8_Mumbai_PS-MS_chip618.tif,1
SN5_roads_train_AOI_8_Mumbai_PS-MS_chip592.tif,2
SN5_roads_train_AOI_8_Mumbai_PS-MS_chip344.tif,3
SN5_roads_train_AOI_8_Mumbai_PS-MS_chip430.tif,4
SN5_roads_train_AOI_8_Mumbai_PS-MS_chip517.tif,0
SN5_roads_train_AOI_8_Mumbai_PS-MS_chip315.tif,1
SN5_roads_train_AOI_8_Mumbai_PS-MS_chip934.tif,2
SN5_roads_train_AOI_8_Mumbai_PS-MS_chip698.tif,3
SN5_roads_train_AOI_8_Mumbai_PS-MS_chip566.tif,4
SN5_roads_train_AOI_8_Mumbai_PS-MS_chip157.tif,0
SN5_roads_train_AOI_8_Mumbai_PS-MS_chip812.tif,1
SN5_roads_train_AOI_8_Mumbai_PS-MS_chip688.tif,2
SN5_roads_train_AOI_8_Mumbai_PS-MS_chip227.tif,3
SN5_roads_train_AOI_8_Mumbai_PS-MS_chip579.tif,4
SN5_roads_train_AOI_8_Mumbai_PS-MS_chip638.tif,0
SN5_roads_train_AOI_8_Mumbai_PS-MS_chip970.tif,1
SN5_roads_train_AOI_8_Mumbai_PS-MS_chip462.tif,2
SN5_roads_train_AOI_8_Mumbai_PS-MS_chip655.tif,3
SN5_roads_train_AOI_8_Mumbai_PS-MS_chip28.tif,4
SN5_roads_train_AOI_8_Mumbai_PS-MS_chip527.tif,0
SN5_roads_train_AOI_8_Mumbai_PS-MS_chip490.tif,1
SN5_roads_train_AOI_8_Mumbai_PS-MS_chip216.tif,2
SN5_roads_train_AOI_8_Mumbai_PS-MS_chip351.tif,3
SN5_roads_train_AOI_8_Mumbai_PS-MS_chip946.tif,4
SN5_roads_train_AOI_8_Mumbai_PS-MS_chip671.tif,0
SN5_roads_train_AOI_8_Mumbai_PS-MS_chip479.tif,1
SN5_roads_train_AOI_8_Mumbai_PS-MS_chip890.tif,2
SN5_roads_train_AOI_8_Mumbai_PS-MS_chip928.tif,3
SN5_roads_train_AOI_8_Mumbai_PS-MS_chip270.tif,4
SN5_roads_train_AOI_8_Mumbai_PS-MS_chip952.tif,0
SN5_roads_train_AOI_8_Mumbai_PS-MS_chip149.tif,1
SN5_roads_train_AOI_8_Mumbai_PS-MS_chip403.tif,2
SN5_roads_train_AOI_8_Mumbai_PS-MS_chip842.tif,3
SN5_roads_train_AOI_8_Mumbai_PS-MS_chip142.tif,4
SN5_roads_train_AOI_8_Mumbai_PS-MS_chip692.tif,0
SN5_roads_train_AOI_8_Mumbai_PS-MS_chip207.tif,1
SN5_roads_train_AOI_8_Mumbai_PS-MS_chip128.tif,2
SN5_roads_train_AOI_8_Mumbai_PS-MS_chip597.tif,3
SN5_roads_train_AOI_8_Mumbai_PS-MS_chip236.tif,4
SN5_roads_train_AOI_8_Mumbai_PS-MS_chip570.tif,0
SN5_roads_train_AOI_8_Mumbai_PS-MS_chip372.tif,1
SN5_roads_train_AOI_8_Mumbai_PS-MS_chip787.tif,2
SN5_roads_train_AOI_8_Mumbai_PS-MS_chip769.tif,3
SN5_roads_train_AOI_8_Mumbai_PS-MS_chip869.tif,4
SN5_roads_train_AOI_8_Mumbai_PS-MS_chip541.tif,0
SN5_roads_train_AOI_8_Mumbai_PS-MS_chip722.tif,1
SN5_roads_train_AOI_8_Mumbai_PS-MS_chip21.tif,2
SN5_roads_train_AOI_8_Mumbai_PS-MS_chip510.tif,3
SN5_roads_train_AOI_8_Mumbai_PS-MS_chip173.tif,4
SN5_roads_train_AOI_8_Mumbai_PS-MS_chip584.tif,0
SN5_roads_train_AOI_8_Mumbai_PS-MS_chip339.tif,1
SN5_roads_train_AOI_8_Mumbai_PS-MS_chip715.tif,2
SN5_roads_train_AOI_8_Mumbai_PS-MS_chip245.tif,3
SN5_roads_train_AOI_8_Mumbai_PS-MS_chip961.tif,4
SN5_roads_train_AOI_8_Mumbai_PS-MS_chip52.tif,0
SN5_roads_train_AOI_8_Mumbai_PS-MS_chip727.tif,1
SN5_roads_train_AOI_8_Mumbai_PS-MS_chip408.tif,2
SN5_roads_train_AOI_8_Mumbai_PS-MS_chip849.tif,3
SN5_roads_train_AOI_8_Mumbai_PS-MS_chip409.tif,4
SN5_roads_train_AOI_8_Mumbai_PS-MS_chip170.tif,0
SN5_roads_train_AOI_8_Mumbai_PS-MS_chip529.tif,1
SN5_roads_train_AOI_8_Mumbai_PS-MS_chip229.tif,2
SN5_roads_train_AOI_8_Mumbai_PS-MS_chip954.tif,3
SN5_roads_train_AOI_8_Mumbai_PS-MS_chip544.tif,4
SN5_roads_train_AOI_8_Mumbai_PS-MS_chip997.tif,0
SN5_roads_train_AOI_8_Mumbai_PS-MS_chip12.tif,1
SN5_roads_train_AOI_8_Mumbai_PS-MS_chip275.tif,2
SN5_roads_train_AOI_8_Mumbai_PS-MS_chip891.tif,3
SN5_roads_train_AOI_8_Mumbai_PS-MS_chip33.tif,4
SN5_roads_train_AOI_8_Mumbai_PS-MS_chip953.tif,0
SN5_roads_train_AOI_8_Mumbai_PS-MS_chip695.tif,1
SN5_roads_train_AOI_8_Mumbai_PS-MS_chip195.tif,2
SN5_roads_train_AOI_8_Mumbai_PS-MS_chip828.tif,3
SN5_roads_train_AOI_8_Mumbai_PS-MS_chip958.tif,4
SN5_roads_train_AOI_8_Mumbai_PS-MS_chip222.tif,0
SN5_roads_train_AOI_8_Mumbai_PS-MS_chip91.tif,1
SN5_roads_train_AOI_8_Mumbai_PS-MS_chip866.tif,2
SN5_roads_train_AOI_8_Mumbai_PS-MS_chip442.tif,3
SN5_roads_train_AOI_8_Mumbai_PS-MS_chip648.tif,4
SN5_roads_train_AOI_8_Mumbai_PS-MS_chip516.tif,0
SN5_roads_train_AOI_8_Mumbai_PS-MS_chip32.tif,1
SN5_roads_train_AOI_8_Mumbai_PS-MS_chip335.tif,2
SN5_roads_train_AOI_8_Mumbai_PS-MS_chip993.tif,3
SN5_roads_train_AOI_8_Mumbai_PS-MS_chip837.tif,4
SN5_roads_train_AOI_8_Mumbai_PS-MS_chip615.tif,0
SN5_roads_train_AOI_8_Mumbai_PS-MS_chip736.tif,1
SN5_roads_train_AOI_8_Mumbai_PS-MS_chip318.tif,2
SN5_roads_train_AOI_8_Mumbai_PS-MS_chip684.tif,3
SN5_roads_train_AOI_8_Mumbai_PS-MS_chip125.tif,4
SN5_roads_train_AOI_8_Mumbai_PS-MS_chip786.tif,0
SN5_roads_train_AOI_8_Mumbai_PS-MS_chip679.tif,1
SN5_roads_train_AOI_8_Mumbai_PS-MS_chip321.tif,2
SN5_roads_train_AOI_8_Mumbai_PS-MS_chip2.tif,3
SN5_roads_train_AOI_8_Mumbai_PS-MS_chip249.tif,4
SN5_roads_train_AOI_8_Mumbai_PS-MS_chip185.tif,0
SN5_roads_train_AOI_8_Mumbai_PS-MS_chip303.tif,1
SN5_roads_train_AOI_8_Mumbai_PS-MS_chip378.tif,2
SN5_roads_train_AOI_8_Mumbai_PS-MS_chip630.tif,3
SN5_roads_train_AOI_8_Mumbai_PS-MS_chip17.tif,4
SN5_roads_train_AOI_8_Mumbai_PS-MS_chip740.tif,0
SN5_roads_train_AOI_8_Mumbai_PS-MS_chip951.tif,1
SN5_roads_train_AOI_8_Mumbai_PS-MS_chip899.tif,2
SN5_roads_train_AOI_8_Mumbai_PS-MS_chip8.tif,3
SN5_roads_train_AOI_8_Mumbai_PS-MS_chip25.tif,4
SN5_roads_train_AOI_8_Mumbai_PS-MS_chip84.tif,0
SN5_roads_train_AOI_8_Mumbai_PS-MS_chip114.tif,1
SN5_roads_train_AOI_8_Mumbai_PS-MS_chip30.tif,2
SN5_roads_train_AOI_8_Mumbai_PS-MS_chip342.tif,3
SN5_roads_train_AOI_8_Mumbai_PS-MS_chip481.tif,4
SN5_roads_train_AOI_8_Mumbai_PS-MS_chip756.tif,0
SN5_roads_train_AOI_8_Mumbai_PS-MS_chip224.tif,1
SN5_roads_train_AOI_8_Mumbai_PS-MS_chip271.tif,2
SN5_roads_train_AOI_8_Mumbai_PS-MS_chip614.tif,3
